target,auroc,auprc,accuracy,f1,sensitivity,specificity,youden,threshold
LVR05_high,0.7646033129904097,0.4961443769969568,0.7323943661971831,0.525,0.6774193548387096,0.7477477477477478,0.4251671025864574,0.31842485070228577
macro,0.7646033129904097,0.4961443769969568,0.7323943661971831,0.525,0.6774193548387096,0.7477477477477478,0.4251671025864574,0.31842485070228577
