target,auroc,auprc,accuracy,f1,sensitivity,specificity,youden,threshold
LVR05_high,0.7564661435629177,0.4650353431761463,0.6901408450704225,0.5,0.7096774193548387,0.6846846846846847,0.3943621040395233,0.2998201847076416
macro,0.7564661435629177,0.4650353431761463,0.6901408450704225,0.5,0.7096774193548387,0.6846846846846847,0.3943621040395233,0.2998201847076416
