target,auroc,auprc,accuracy,f1,sensitivity,specificity,youden,threshold
LVR05_high,0.7782621331008428,0.52073176774678,0.6971830985915493,0.5274725274725275,0.7741935483870968,0.6756756756756757,0.4498692240627724,0.33654236793518066
macro,0.7782621331008428,0.52073176774678,0.6971830985915493,0.5274725274725275,0.7741935483870968,0.6756756756756757,0.4498692240627724,0.33654236793518066
