target,auroc,auprc,accuracy,f1,sensitivity,specificity,youden,threshold
LVR05_high,0.7730310956117408,0.493474115085732,0.7394366197183099,0.5194805194805194,0.6451612903225806,0.7657657657657657,0.41092705608834645,0.427073210477829
macro,0.7730310956117408,0.493474115085732,0.7394366197183099,0.5194805194805194,0.6451612903225806,0.7657657657657657,0.41092705608834645,0.427073210477829
