target,auroc,auprc,accuracy,f1,sensitivity,specificity,youden,threshold
LVR05_high,0.7721592560302237,0.4850891179881832,0.6619718309859155,0.4418604651162791,0.6129032258064516,0.6756756756756757,0.2885789014821274,0.3351092040538788
macro,0.7721592560302237,0.4850891179881832,0.6619718309859155,0.4418604651162791,0.6129032258064516,0.6756756756756757,0.2885789014821274,0.3351092040538788
