target,auroc,auprc,accuracy,f1,sensitivity,specificity,youden,threshold
LVR05_high,0.7791339726823597,0.511291142708648,0.6690140845070423,0.4946236559139785,0.7419354838709677,0.6486486486486487,0.39058413251961643,0.3061641454696655
macro,0.7791339726823597,0.511291142708648,0.6690140845070423,0.4946236559139785,0.7419354838709677,0.6486486486486487,0.39058413251961643,0.3061641454696655
