target,auroc,auprc,accuracy,f1,sensitivity,specificity,youden,threshold
LVR05_high,0.7829119442022668,0.5028991318557517,0.7676056338028169,0.5217391304347826,0.5806451612903226,0.8198198198198198,0.4004649811101424,0.35876601934432983
macro,0.7829119442022668,0.5028991318557517,0.7676056338028169,0.5217391304347826,0.5806451612903226,0.8198198198198198,0.4004649811101424,0.35876601934432983
