target,auroc,auprc,accuracy,f1,sensitivity,specificity,youden,threshold
LVR05_high,0.7744841615809357,0.5004389399394896,0.6619718309859155,0.5,0.7741935483870968,0.6306306306306306,0.4048241790177274,0.28961876034736633
macro,0.7744841615809357,0.5004389399394896,0.6619718309859155,0.5,0.7741935483870968,0.6306306306306306,0.4048241790177274,0.28961876034736633
