rhythm_class,n,pos,neg,mean_auroc,std_auroc,mean_auprc,mean_prob
afib,64,22,42,0.7494588744588745,0.014893791741228745,0.5464205746183806,0.3821752930578125
flutter,7,2,5,1.0,0.0,1.0,0.3951855386285714
other,2,0,2,,,,0.384607384
sinus,69,7,62,0.6232718894009216,0.0330751966207903,0.29039300037396015,0.24064251265942022
