target,auroc,auprc,accuracy,f1,sensitivity,specificity,youden,threshold
LVR05_high,0.8038360941586747,0.5542785563654509,0.7535211267605634,0.5454545454545454,0.6774193548387096,0.7747747747747747,0.4521941296134844,0.32854852080345154
macro,0.8038360941586747,0.5542785563654509,0.7535211267605634,0.5454545454545454,0.6774193548387096,0.7747747747747747,0.4521941296134844,0.32854852080345154
