target,auroc,auprc,accuracy,f1,sensitivity,specificity,youden,threshold
LVR05_high,0.7785527462946817,0.5035589971813574,0.7183098591549296,0.48717948717948717,0.6129032258064516,0.7477477477477478,0.3606509735541994,0.3926087021827698
macro,0.7785527462946817,0.5035589971813574,0.7183098591549296,0.48717948717948717,0.6129032258064516,0.7477477477477478,0.3606509735541994,0.3926087021827698
